{
  "$schema": "./node_modules/nx/schemas/nx-schema.json",
  "targetDefaults": {
    "build": {
      "cache": true,
      "dependsOn": ["^build"],
      "inputs": ["production", "^production"]
    },
    "lint": {
      "cache": true,
      "inputs": [
        "default",
        "{workspaceRoot}/.eslintrc.json",
        "{workspaceRoot}/.eslintignore",
        "{workspaceRoot}/eslint.config.js"
      ]
    }
  },
  "namedInputs": {
    "default": ["{projectRoot}/**/*", "sharedGlobals"],
    "production": [
      "default",
      "!{projectRoot}/.eslintrc.json",
      "!{projectRoot}/eslint.config.js"
    ],
    "sharedGlobals": []
  },
  "generators": {
    "@nx/react": {
      "application": {
        "babel": true
      }
    },
    "@nx/next": {
      "application": {
        "style": "css",
        "linter": "eslint"
      }
    }
  }
}
